image, root_name, root, length, vector_length, surface, volume, direction, diameter, root_order, root_ontology, parent_name, parent, insertion_position, insertion_angle, n_child, child_density, first_child, insertion_first_child, last_child, insertion_last_child
20211231-233500-plate_020, Va35seed#10, 22190dbf-90c8-4cec-80a0-2a75d061ba6a, 3.7953072, 3.6854181, 0.13764809, 4.4494373E-4, 255.1034947072309, 0.012727193, 0, Primary root, -1, -1, -0.003030303, -57.29577951308232, 0, 0.0, null, null, null, null
20211231-233500-plate_020, Va35seed#8, 3ff634b2-052d-4e82-877a-e8d7b7c84159, 7.3560286, 7.324615, 0.363143, 0.008567115, 248.62268337364267, 0.041669216, 0, Primary root, -1, -1, -0.003030303, -57.29577951308232, 0, 0.0, null, null, null, null
20211231-233500-plate_020, Va35seed#7, 0a6b291a-756f-4124-841e-56fc678f7703, 1.709284, 1.709284, 0.60615516, 0.017136518, 286.41253544743574, 0.112879366, 0, Primary root, -1, -1, -0.003030303, -57.29577951308232, 0, 0.0, null, null, null, null
20211231-233500-plate_020, Va35seed#6, 91e1f39f-a305-4cd1-881c-5f89bc21dbb3, 4.4987464, 4.4505024, 0.6447566, 0.018076573, 218.60230808452246, 0.0566675, 0, Primary root, -1, -1, -0.003030303, -57.29577951308232, 0, 0.0, null, null, null, null
20211231-233500-plate_020, Va35seed#5, 8c610060-8a92-4721-959a-86cfb062fd91, 6.1514716, 6.1254287, 0.17392872, 4.944291E-4, 265.5804311581402, 0.0088376235, 0, Primary root, -1, -1, -0.003030303, -57.29577951308232, 0, 0.0, null, null, null, null
20211231-233500-plate_020, Va35seed#4, de030c3c-1097-465c-996c-59e35fb343e9, 4.943734, 4.8067055, 0.4321317, 0.005264949, 284.8754696766161, 0.03666817, 0, Primary root, -1, -1, -0.003030303, -57.29577951308232, 0, 0.0, null, null, null, null
20211231-233500-plate_020, Va35seed#3, 33a07ae3-161d-47c9-b471-9c1efeebd4b1, 5.2845707, 4.835109, 0.15607943, 4.1061148E-4, 227.37574071491719, 0.008182434, 0, Primary root, -1, -1, -0.003030303, -57.29577951308232, 0, 0.0, null, null, null, null
20211231-233500-plate_020, Va35seed#2, ab25660c-1264-445c-b415-224409b5dbe2, 2.2186513, 2.1867368, 0.17727867, 0.001305123, 284.70173698488765, 0.02626372, 0, Primary root, -1, -1, -0.003030303, -57.29577951308232, 0, 0.0, null, null, null, null
20211231-233500-plate_020, Va35seed#1, 5efd741b-d324-475d-8fbb-4ea6c539f5a4, 5.3736296, 5.209727, 0.58021986, 0.007895915, 247.47556676291737, 0.0464644, 0, Primary root, -1, -1, -0.003030303, -57.29577951308232, 0, 0.0, null, null, null, null
