image, root_name, root, length, vector_length, surface, volume, direction, diameter, root_order, root_ontology, parent_name, parent, insertion_position, insertion_angle, n_child, child_density, first_child, insertion_first_child, last_child, insertion_last_child
20211211-033203-plate_026, MoGseed#10, a6004e7f-8636-4f49-b9f8-b4e0aa567b6b, 1.7309451, 1.6656133, 0.23292615, 0.0056219967, 313.5743946066356, 0.045062244, 0, Primary root, -1, -1, -0.003030303, -57.29577951308232, 0, 0.0, null, null, null, null
20211211-033203-plate_026, MoGseed#9, d1f969be-4f31-469a-8948-ded654c2fd61, 1.8412915, 1.8401258, 0.09957324, 6.0694944E-4, 256.52649631891137, 0.020708337, 0, Primary root, -1, -1, -0.003030303, -57.29577951308232, 0, 0.0, null, null, null, null
20211211-033203-plate_026, MoGseed#8, 2a787199-0afe-4224-9fc2-89974b2ebb0b, 2.2379248, 2.206227, 0.042615607, 6.592246E-5, 263.778955104171, 0.006061692, 0, Primary root, -1, -1, -0.003030303, -57.29577951308232, 0, 0.0, null, null, null, null
20211211-033203-plate_026, MoGseed#7, 70ad8730-c72b-4d6a-a797-41265fe7e712, 1.7869499, 1.76465, 0.15255027, 0.0022037823, 261.6785626513654, 0.036360182, 0, Primary root, -1, -1, -0.003030303, -57.29577951308232, 0, 0.0, null, null, null, null
20211211-033203-plate_026, MoGseed#6, 38f84c2f-c1b9-4bb7-9b73-7711332520df, 2.4376078, 2.3817427, 0.099687494, 3.899611E-4, 266.3816396685394, 0.014547797, 0, Primary root, -1, -1, -0.003030303, -57.29577951308232, 0, 0.0, null, null, null, null
20211211-033203-plate_026, MoGseed#5, bca2542a-77c9-4106-87ea-7dbbe9b8617f, 2.571697, 2.5293505, 0.07991819, 2.2533898E-4, 254.91402525965478, 0.0106079355, 0, Primary root, -1, -1, -0.003030303, -57.29577951308232, 0, 0.0, null, null, null, null
20211211-033203-plate_026, MoGseed#3, ac470f9d-8cd9-4243-b32d-da4e3dee75fe, 2.351051, 2.351051, 0.22942652, 0.0022141184, 284.08150116673716, 0.031060185, 0, Primary root, -1, -1, -0.003030303, -57.29577951308232, 0, 0.0, null, null, null, null
20211211-033203-plate_026, MoGseed#2, 6ebbf78b-33c7-4cd0-82e8-7364b831005b, 2.7367191, 2.6785479, 0.55313355, 0.015107198, 271.7621075268386, 0.06727647, 0, Primary root, -1, -1, -0.003030303, -57.29577951308232, 0, 0.0, null, null, null, null
20211211-033203-plate_026, MoGseed#1, 88993522-ad6c-461b-8632-c7fc7ff456ae, 2.4571774, 2.4250073, 0.073759876, 1.910832E-4, 273.54418584356495, 0.0087125115, 0, Primary root, -1, -1, -0.003030303, -57.29577951308232, 0, 0.0, null, null, null, null
