image, root_name, root, length, vector_length, surface, volume, direction, diameter, root_order, root_ontology, parent_name, parent, insertion_position, insertion_angle, n_child, child_density, first_child, insertion_first_child, last_child, insertion_last_child
20220430-022500-plate_046, SC213Rseed#10, ba09998b-0ca6-44b3-ab41-8471d618a529, 0.58905697, 0.58905697, 0.022431184, 6.8324814E-5, 261.80593201900774, 0.012121144, 0, Primary root, -1, -1, -0.003030303, -57.29577951308232, 0, 0.0, null, null, null, null
20220430-022500-plate_046, SC213Rseed#9, 9640dd94-8601-43a7-a9f0-ca509c96f4f2, 1.6620102, 1.5432683, 0.4588405, 0.010080451, NaN, 0.0878776, 0, Primary root, -1, -1, -0.003030303, -57.29577951308232, 0, 0.0, null, null, null, null
20220430-022500-plate_046, SC213Rseed#6, bfd72771-62bd-42a8-8c9c-62cdea9c900a, 1.0045575, 0.80913067, 0.042959392, 1.8469474E-4, 281.04305053332195, 0.01616199, 0, Primary root, -1, -1, -0.003030303, -57.29577951308232, 0, 0.0, null, null, null, null
20220430-022500-plate_046, SC213Rseed#5, c14b733f-9efa-40ea-b378-0b0d503c30ec, 1.923233, 1.6535636, 0.2535178, 0.004253538, 251.5634076604133, 0.052113052, 0, Primary root, -1, -1, -0.003030303, -57.29577951308232, 0, 0.0, null, null, null, null
20220430-022500-plate_046, SC213Rseed#4, 25506d9a-3ab3-486a-888c-e58a8e018f1f, 2.0694778, 2.0337305, 0.1111749, 8.261108E-4, 218.15107846719474, 0.0191937, 0, Primary root, -1, -1, -0.003030303, -57.29577951308232, 0, 0.0, null, null, null, null
20220430-022500-plate_046, SC213Rseed#3, 3781c1de-85aa-48d7-9b2a-d30a62602bbf, 2.9496543, 2.7436316, 0.16253206, 9.793035E-4, 234.92274457794446, 0.016835945, 0, Primary root, -1, -1, -0.003030303, -57.29577951308232, 0, 0.0, null, null, null, null
20220430-022500-plate_046, SC213Rseed#2, 74ab0fdd-b042-443a-adec-a356773eaea2, 4.7523823, 4.429022, 0.35676143, 0.0068876855, 265.46961816904593, 0.03768948, 0, Primary root, -1, -1, -0.003030303, -57.29577951308232, 0, 0.0, null, null, null, null
20220430-022500-plate_046, SC213Rseed#1, 7be6d983-e3e4-4291-8e62-106ea0fe0aeb, 0.0, 0.0, 0.0, 0.0, NaN, 0.30911055, 0, Primary root, -1, -1, -0.003030303, -57.29577951308232, 0, 0.0, null, null, null, null
