image, root_name, root, length, vector_length, surface, volume, direction, diameter, root_order, root_ontology, parent_name, parent, insertion_position, insertion_angle, n_child, child_density, first_child, insertion_first_child, last_child, insertion_last_child
20220326-010110-plate_053, CML314seed#9, 3e881895-0596-4fdd-b581-27a6761f5c7b, 0.7565806, 0.7565806, 0.14227529, 0.002198746, 278.29780626059704, 0.059839576, 0, Primary root, -1, -1, -0.003030303, -57.29577951308232, 0, 0.0, null, null, null, null
20220326-010110-plate_053, CML314seed#8, a0f14178-dc91-4c14-bbae-1e4ec07f26e0, 1.4187853, 1.3305157, 0.15929323, 0.0014666131, 260.391755011735, 0.034849986, 0, Primary root, -1, -1, -0.003030303, -57.29577951308232, 0, 0.0, null, null, null, null
20220326-010110-plate_053, CML314seed#6, 421cf4d9-17fe-4bfd-b584-e0802ab71428, 1.8702501, 1.7825564, 0.06543817, 1.8549619E-4, 275.62687444604194, 0.010102035, 0, Primary root, -1, -1, -0.003030303, -57.29577951308232, 0, 0.0, null, null, null, null
20220326-010110-plate_053, CML314seed#5, 99c38992-ba69-4697-bd9d-bbd6445398ce, 1.4417855, 0.78750175, 0.08606734, 4.6600684E-4, 183.6930746328039, 0.013850976, 0, Primary root, -1, -1, -0.003030303, -57.29577951308232, 0, 0.0, null, null, null, null
20220326-010110-plate_053, CML314seed#4, 37ab71e5-d011-4eae-92cb-61c374bfff97, 0.8196043, 0.7959654, 0.032877762, 1.4486062E-4, 262.2672429955504, 0.016161155, 0, Primary root, -1, -1, -0.003030303, -57.29577951308232, 0, 0.0, null, null, null, null
20220326-010110-plate_053, CML314seed#3, 78e4527f-01e9-4bef-b55a-f52779eb6041, 0.610497, 0.4144356, 0.06415944, 6.174406E-4, 230.59581973874137, 0.029798053, 0, Primary root, -1, -1, -0.003030303, -57.29577951308232, 0, 0.0, null, null, null, null
20220326-010110-plate_053, CML314seed#2, 9c8902a5-2d48-44ac-8c92-3ec1540ab117, 1.0396001, 0.9398657, 0.01575463, 2.0415015E-5, 301.35207161522123, 0.005681828, 0, Primary root, -1, -1, -0.003030303, -57.29577951308232, 0, 0.0, null, null, null, null
20220326-010110-plate_053, CML314seed#1, 17a3a4a4-8a3a-4968-a7b6-622b6d351300, 1.2638607, 1.2046312, 0.018653378, 2.3190392E-5, 271.9513584083613, 0.005302419, 0, Primary root, -1, -1, -0.003030303, -57.29577951308232, 0, 0.0, null, null, null, null
