image, root_name, root, length, vector_length, surface, volume, direction, diameter, root_order, root_ontology, parent_name, parent, insertion_position, insertion_angle, n_child, child_density, first_child, insertion_first_child, last_child, insertion_last_child
20220319-024102-plate_032, B73seed#10, 18527c49-344c-4766-8876-440afaaf8576, 0.0, 0.0, 0.0, 0.0, NaN, 0.003030303, 0, Primary root, -1, -1, -0.003030303, -57.29577951308232, 0, 0.0, null, null, null, null
20220319-024102-plate_032, B73seed#8, be7b16a1-56f0-4354-ba32-6e4e5c230c10, 2.0121858, 1.9888824, 0.11211317, 9.347404E-4, 257.52414106984014, 0.023738936, 0, Primary root, -1, -1, -0.003030303, -57.29577951308232, 0, 0.0, null, null, null, null
20220319-024102-plate_032, B73seed#7, 2a2f1bf3-7bdd-4da4-b03b-7f3583ce110d, 0.0, 0.0, 0.0, 0.0, NaN, 0.0045449026, 0, Primary root, -1, -1, -0.003030303, -57.29577951308232, 0, 0.0, null, null, null, null
20220319-024102-plate_032, B73seed#6, aee18fa6-1080-4a1e-b888-e228a37f48fd, 0.0, 0.0, 0.0, 0.0, NaN, 0.11365833, 0, Primary root, -1, -1, -0.003030303, -57.29577951308232, 0, 0.0, null, null, null, null
20220319-024102-plate_032, B73seed#5, 003af8da-acb3-41c8-a2b0-9bc5b5aeadfe, 0.0, 0.0, 0.0, 0.0, NaN, 0.013636762, 0, Primary root, -1, -1, -0.003030303, -57.29577951308232, 0, 0.0, null, null, null, null
20220319-024102-plate_032, B73seed#4, aae8cc3a-b621-43c9-8f2b-b188dfe10877, 0.0, 0.0, 0.0, 0.0, NaN, 0.07725831, 0, Primary root, -1, -1, -0.003030303, -57.29577951308232, 0, 0.0, null, null, null, null
20220319-024102-plate_032, B73seed#3, 94106577-92d3-4dd2-9af9-a1fd2c9527f6, 2.1513748, 2.1486146, 0.629719, 0.02875479, 294.14264302173274, 0.10302794, 0, Primary root, -1, -1, -0.003030303, -57.29577951308232, 0, 0.0, null, null, null, null
20220319-024102-plate_032, B73seed#2, f343b2ce-47b2-4514-88f9-0c5a353158dc, 1.6805803, 1.6653293, 0.17042984, 0.0015664584, 249.0238886854892, 0.03686784, 0, Primary root, -1, -1, -0.003030303, -57.29577951308232, 0, 0.0, null, null, null, null
20220319-024102-plate_032, B73seed#1, c8e0e023-1d22-4798-a71a-4575140f80c6, 1.511725, 1.4924668, 0.44745806, 0.021790441, 288.68720700710344, 0.10909293, 0, Primary root, -1, -1, -0.003030303, -57.29577951308232, 0, 0.0, null, null, null, null
