image, root_name, root, length, vector_length, surface, volume, direction, diameter, root_order, root_ontology, parent_name, parent, insertion_position, insertion_angle, n_child, child_density, first_child, insertion_first_child, last_child, insertion_last_child
20220324-192504-plate_038, VaW6seed#10, 3e60b772-e942-44cf-9374-d818b7d4e75b, 0.35407385, 0.35407385, 0.1287622, 0.004387798, 292.89056006384266, 0.11133849, 0, Primary root, -1, -1, -0.003030303, -57.29577951308232, 0, 0.0, null, null, null, null
20220324-192504-plate_038, VaW6seed#9, 3bbbb02e-ddcc-4ba4-a24d-cc8da3044c0f, 0.7157599, 0.7157599, 0.5214132, 0.032516997, 273.1366421161686, 0.22800325, 0, Primary root, -1, -1, -0.003030303, -57.29577951308232, 0, 0.0, null, null, null, null
20220324-192504-plate_038, VaW6seed#7, 07228b9a-310b-4fd7-a24a-15974abe3925, 0.47518477, 0.47518477, 0.23314647, 0.0091308495, 255.21764082864019, 0.15606251, 0, Primary root, -1, -1, -0.003030303, -57.29577951308232, 0, 0.0, null, null, null, null
20220324-192504-plate_038, VaW6seed#6, e02a876b-13ad-4f5f-b698-0a6c9cdc63f8, 0.8143534, 0.8143534, 0.10466388, 0.0010782253, 280.87584750244, 0.040909298, 0, Primary root, -1, -1, -0.003030303, -57.29577951308232, 0, 0.0, null, null, null, null
20220324-192504-plate_038, VaW6seed#5, 669b2249-fca2-4c71-b8c1-0f8e16fb818b, 0.25847685, 0.25847685, 0.06183825, 0.0012106317, 320.17864111890435, 0.07577717, 0, Primary root, -1, -1, -0.003030303, -57.29577951308232, 0, 0.0, null, null, null, null
20220324-192504-plate_038, VaW6seed#4, e739fa5d-e4f9-4560-9534-682947323635, 0.48887888, 0.48887888, 0.13381177, 0.0029295008, 268.0161312576801, 0.08710162, 0, Primary root, -1, -1, -0.003030303, -57.29577951308232, 0, 0.0, null, null, null, null
20220324-192504-plate_038, VaW6seed#3, 335c3ef5-7c9c-421e-8590-ffe73a564f01, 0.8038743, 0.8038743, 0.3348788, 0.011133364, 303.493527165317, 0.13258488, 0, Primary root, -1, -1, -0.003030303, -57.29577951308232, 0, 0.0, null, null, null, null
20220324-192504-plate_038, VaW6seed#2, 56e2eda1-977e-4e03-a345-7eda0abf1215, 0.6127286, 0.6127286, 0.53756285, 0.037603885, 283.5072188613225, 0.27881148, 0, Primary root, -1, -1, -0.003030303, -57.29577951308232, 0, 0.0, null, null, null, null
20220324-192504-plate_038, VaW6seed#1, d0fac786-e3e3-40a5-ae3b-8d35326cc711, 0.7720735, 0.6746431, 0.09225494, 9.3427184E-4, 278.63666560569976, 0.038379807, 0, Primary root, -1, -1, -0.003030303, -57.29577951308232, 0, 0.0, null, null, null, null
