image, root_name, root, length, vector_length, surface, volume, direction, diameter, root_order, root_ontology, parent_name, parent, insertion_position, insertion_angle, n_child, child_density, first_child, insertion_first_child, last_child, insertion_last_child
20220129-033800-plate_023, Tx303seed#10, 2c12dcb6-d901-4766-8a98-d9abd9047dc6, 1.2052653, 1.1468596, 0.13945691, 0.0027160267, 270.775636965392, 0.05300981, 0, Primary root, -1, -1, -0.003030303, -57.29577951308232, 0, 0.0, null, null, null, null
20220129-033800-plate_023, Tx303seed#8, 0d07ebcd-1076-472d-9568-5ce6431e73dd, 1.8003165, 1.7608651, 0.11130204, 0.0011387682, 283.18483393249784, 0.026892416, 0, Primary root, -1, -1, -0.003030303, -57.29577951308232, 0, 0.0, null, null, null, null
20220129-033800-plate_023, Tx303seed#7, d6cf1aae-2ee6-49cb-b000-e266ead8c008, 1.8607215, 1.8351213, 0.042216834, 8.839267E-5, 305.7437193269994, 0.008712726, 0, Primary root, -1, -1, -0.003030303, -57.29577951308232, 0, 0.0, null, null, null, null
20220129-033800-plate_023, Tx303seed#6, 9c4b2a52-87cd-4a91-8f0d-afbab734b127, 0.0, 0.0, 0.0, 0.0, NaN, 0.10304684, 0, Primary root, -1, -1, -0.003030303, -57.29577951308232, 0, 0.0, null, null, null, null
20220129-033800-plate_023, Tx303seed#5, 16c18050-b13c-4e2b-a027-85e1da723b86, 0.0, 0.0, 0.0, 0.0, NaN, 0.16059949, 0, Primary root, -1, -1, -0.003030303, -57.29577951308232, 0, 0.0, null, null, null, null
20220129-033800-plate_023, Tx303seed#4, ad7d7d32-603c-4567-8bf4-0b1c946fdb3f, 2.0515192, 1.7424246, 0.032909878, 5.104099E-5, 214.7670475825336, 0.005303162, 0, Primary root, -1, -1, -0.003030303, -57.29577951308232, 0, 0.0, null, null, null, null
20220129-033800-plate_023, Tx303seed#3, de48020d-385c-41aa-96d5-c1f3160f00a5, 0.0, 0.0, 0.0, 0.0, NaN, 0.024242897, 0, Primary root, -1, -1, -0.003030303, -57.29577951308232, 0, 0.0, null, null, null, null
20220129-033800-plate_023, Tx303seed#2, 29dc129a-31b5-454e-a7df-40ec6d1fc34e, 0.9157159, 0.8727384, 0.17169578, 0.0040613376, 278.41599585399496, 0.082324795, 0, Primary root, -1, -1, -0.003030303, -57.29577951308232, 0, 0.0, null, null, null, null
20220129-033800-plate_023, Tx303seed#1, 914bd514-f8e3-4711-b3d7-c490b5082ca6, 0.0, 0.0, 0.0, 0.0, NaN, 0.039403334, 0, Primary root, -1, -1, -0.003030303, -57.29577951308232, 0, 0.0, null, null, null, null
