image, root_name, root, length, vector_length, surface, volume, direction, diameter, root_order, root_ontology, parent_name, parent, insertion_position, insertion_angle, n_child, child_density, first_child, insertion_first_child, last_child, insertion_last_child
20220326-010400-plate_042, CML314seed#10, c20653ee-3cb1-4914-af81-f9a24741da53, 4.6790247, 4.551124, 0.40321657, 0.010669727, 278.5307430320512, 0.038635537, 0, Primary root, -1, -1, -0.003030303, -57.29577951308232, 0, 0.0, null, null, null, null
20220326-010400-plate_042, CML314seed#7, 1b27067f-187c-4cc6-96f3-921a3b5ede1f, 4.321429, 4.321429, 1.1520325, 0.028385231, 258.40881449189686, 0.08484903, 0, Primary root, -1, -1, -0.003030303, -57.29577951308232, 0, 0.0, null, null, null, null
20220326-010400-plate_042, CML314seed#6, 04494540-aaf7-4c5c-afad-ca615136b543, 3.599832, 3.3495452, 0.42361352, 0.0048327786, 273.8238684296986, 0.03863724, 0, Primary root, -1, -1, -0.003030303, -57.29577951308232, 0, 0.0, null, null, null, null
20220326-010400-plate_042, CML314seed#5, 1c40db5c-8680-49b2-9088-29314bcd6e42, 3.0012817, 2.9827943, 0.042748164, 5.2658448E-5, 269.2935951985259, 0.004923382, 0, Primary root, -1, -1, -0.003030303, -57.29577951308232, 0, 0.0, null, null, null, null
20220326-010400-plate_042, CML314seed#4, 82d5c219-034f-4652-8941-65b086c94655, 4.0409074, 4.007067, 0.1420985, 4.5819464E-4, 255.05289666585946, 0.016673155, 0, Primary root, -1, -1, -0.003030303, -57.29577951308232, 0, 0.0, null, null, null, null
20220326-010400-plate_042, CML314seed#2, 39c84f84-b432-458c-81d5-5cfdb0453962, 3.9714546, 3.7165663, 0.52216804, 0.010285816, 269.647535601316, 0.035097305, 0, Primary root, -1, -1, -0.003030303, -57.29577951308232, 0, 0.0, null, null, null, null
20220326-010400-plate_042, CML314seed#1, 3689c501-5bcd-4946-8aa0-186889e137d5, 4.850436, 4.7129397, 0.4095026, 0.0076458766, 273.566042448909, 0.02575407, 0, Primary root, -1, -1, -0.003030303, -57.29577951308232, 0, 0.0, null, null, null, null
