image, root_name, root, length, vector_length, surface, volume, direction, diameter, root_order, root_ontology, parent_name, parent, insertion_position, insertion_angle, n_child, child_density, first_child, insertion_first_child, last_child, insertion_last_child
20220430-024005-plate_053, SC213Rseed#10, da8f8cd2-ab91-4f9f-906b-653cc383ce33, 3.3014374, 3.1978862, 0.13509321, 5.5241433E-4, 289.09778333849124, 0.011040492, 0, Primary root, -1, -1, -0.003030303, -57.29577951308232, 0, 0.0, null, null, null, null
20220430-024005-plate_053, SC213Rseed#7, 43c7838d-201a-4615-8bd8-ba53f825f126, 2.248741, 2.1768303, 0.051366795, 9.857949E-5, 244.4654204334227, 0.006969592, 0, Primary root, -1, -1, -0.003030303, -57.29577951308232, 0, 0.0, null, null, null, null
20220430-024005-plate_053, SC213Rseed#6, e2029d5f-db97-48f0-b482-4f78da0d0ce3, 2.388293, 2.0897727, 0.10236708, 4.2914733E-4, 248.12203050748073, 0.019949894, 0, Primary root, -1, -1, -0.003030303, -57.29577951308232, 0, 0.0, null, null, null, null
20220430-024005-plate_053, SC213Rseed#4, 8b7dfed5-8886-4307-b0e6-12c7d066af57, 0.0, 0.0, 0.0, 0.0, NaN, 0.11361867, 0, Primary root, -1, -1, -0.003030303, -57.29577951308232, 0, 0.0, null, null, null, null
20220430-024005-plate_053, SC213Rseed#3, 4d510607-d295-4383-909d-f1bf97027c12, 2.4253566, 1.989372, 0.20023191, 0.0035833681, 212.0518698025351, 0.03661534, 0, Primary root, -1, -1, -0.003030303, -57.29577951308232, 0, 0.0, null, null, null, null
20220430-024005-plate_053, SC213Rseed#2, 4f4a0ef3-224f-4d40-9523-0cc0b3b9ec3f, 0.45508853, 0.45508853, 0.08511883, 0.0016223907, 270.02366045853023, 0.05908941, 0, Primary root, -1, -1, -0.003030303, -57.29577951308232, 0, 0.0, null, null, null, null
20220430-024005-plate_053, SC213Rseed#1, 85bb9734-3c3e-47f2-b2c7-fbc4c6199d71, 1.1028303, 1.053162, 0.30130765, 0.007880487, 23.289618305497207, 0.093429334, 0, Primary root, -1, -1, -0.003030303, -57.29577951308232, 0, 0.0, null, null, null, null
