image, root_name, root, length, vector_length, surface, volume, direction, diameter, root_order, root_ontology, parent_name, parent, insertion_position, insertion_angle, n_child, child_density, first_child, insertion_first_child, last_child, insertion_last_child
20220430-022802-plate_041, DE1seed#9, 13387754-58b5-42bb-823f-a54affec8def, 4.264027, 4.1972804, 0.39981544, 0.0045975912, 248.47244653265906, 0.037374314, 0, Primary root, -1, -1, -0.003030303, -57.29577951308232, 0, 0.0, null, null, null, null
20220430-022802-plate_041, DE1seed#7, 6378390f-29cd-4d4a-8f59-a6f27c682bd4, 4.3135805, 4.2751927, 0.26804197, 0.0021690933, 256.3182848322527, 0.019911995, 0, Primary root, -1, -1, -0.003030303, -57.29577951308232, 0, 0.0, null, null, null, null
20220430-022802-plate_041, DE1seed#7, 56fe4082-a22d-4bcb-8d37-df45c0bd4165, 4.9387293, 4.720865, 0.13851267, 3.9404916E-4, 237.55840529562565, 0.01818261, 0, Primary root, -1, -1, -0.003030303, -57.29577951308232, 0, 0.0, null, null, null, null
20220430-022802-plate_041, DE1seed#5, fec79e0c-74e7-482a-b049-021f1e19804e, 4.0497227, 3.7367387, 0.48776326, 0.015331342, 267.375705400343, 0.040906623, 0, Primary root, -1, -1, -0.003030303, -57.29577951308232, 0, 0.0, null, null, null, null
20220430-022802-plate_041, DE1seed#4, 17e7efcd-83f8-4986-af6d-012ac58efa2e, 3.8729527, 3.8064318, 0.115628056, 2.9343797E-4, 285.1816533967294, 0.010101244, 0, Primary root, -1, -1, -0.003030303, -57.29577951308232, 0, 0.0, null, null, null, null
20220430-022802-plate_041, DE1seed#3, 1e1bc804-06cc-4a14-8183-8acb118586d7, 4.2497983, 4.205236, 0.115748, 2.5419483E-4, 251.70629521784997, 0.0090911975, 0, Primary root, -1, -1, -0.003030303, -57.29577951308232, 0, 0.0, null, null, null, null
20220430-022802-plate_041, DE1seed#1, bbfb7005-f1de-42e6-8eaf-876e185596a0, 3.895379, 3.7749448, 0.47169358, 0.0058720866, 247.2402257648754, 0.04393764, 0, Primary root, -1, -1, -0.003030303, -57.29577951308232, 0, 0.0, null, null, null, null
