image, root_name, root, length, vector_length, surface, volume, direction, diameter, root_order, root_ontology, parent_name, parent, insertion_position, insertion_angle, n_child, child_density, first_child, insertion_first_child, last_child, insertion_last_child
20220430-022200-plate_044, IDS28seed#9, 62701a58-aad4-4fce-b27e-9fb03efce4df, 2.7870846, 2.7590647, 0.8071712, 0.021288425, 284.3044931827597, 0.079796694, 0, Primary root, -1, -1, -0.003030303, -57.29577951308232, 0, 0.0, null, null, null, null
20220430-022200-plate_044, IDS28seed#8, ae2e703f-fa68-417c-85e7-caf374a4754b, 7.3139796, 7.0794935, 0.98509985, 0.020364882, 227.29780825648734, 0.03722985, 0, Primary root, -1, -1, -0.003030303, -57.29577951308232, 0, 0.0, null, null, null, null
20220430-022200-plate_044, IDS28seed#6, 8e6b4634-c0d6-48a2-805e-8c1e547c32e4, 4.5030494, 4.3464274, 0.585576, 0.0107392445, 233.3240158592979, 0.031061053, 0, Primary root, -1, -1, -0.003030303, -57.29577951308232, 0, 0.0, null, null, null, null
20220430-022200-plate_044, IDS28seed#5, 08a0400b-1174-4b91-abac-f1827bd3763c, 8.089476, 7.882019, 1.0785652, 0.013202995, 241.1398013265435, 0.047424212, 0, Primary root, -1, -1, -0.003030303, -57.29577951308232, 0, 0.0, null, null, null, null
20220430-022200-plate_044, IDS28seed#3, 45bc9864-dc70-416a-84c2-7cc3c8bf4f64, 7.958328, 7.8195553, 0.8043767, 0.009104838, 254.12079441020617, 0.02897805, 0, Primary root, -1, -1, -0.003030303, -57.29577951308232, 0, 0.0, null, null, null, null
20220430-022200-plate_044, IDS28seed#2, 2074ebef-55fd-41e5-801b-3528130dcac8, 4.1405635, 4.1215687, 0.90013385, 0.016819065, 263.5763990141451, 0.077278756, 0, Primary root, -1, -1, -0.003030303, -57.29577951308232, 0, 0.0, null, null, null, null
