image, root_name, root, length, vector_length, surface, volume, direction, diameter, root_order, root_ontology, parent_name, parent, insertion_position, insertion_angle, n_child, child_density, first_child, insertion_first_child, last_child, insertion_last_child
20220430-021610-plate_035, A441-5seed#10, 120a2672-d492-4ece-a219-611bc29f511f, 0.0, 0.0, 0.0, 0.0, NaN, 0.0060614394, 0, Primary root, -1, -1, -0.003030303, -57.29577951308232, 0, 0.0, null, null, null, null
20220430-021610-plate_035, A441-5seed#9, 14f23d00-5464-4f1b-acfa-6f05394466d5, 1.547894, 1.547894, 0.044201493, 1.0881235E-4, 260.98830373384385, 0.009089583, 0, Primary root, -1, -1, -0.003030303, -57.29577951308232, 0, 0.0, null, null, null, null
20220430-021610-plate_035, A441-5seed#8, 585ef948-8997-4515-b88a-bbfede8d520e, 0.0, 0.0, 0.0, 0.0, NaN, 0.051503897, 0, Primary root, -1, -1, -0.003030303, -57.29577951308232, 0, 0.0, null, null, null, null
20220430-021610-plate_035, A441-5seed#7, 55ca6476-856a-4b83-92e7-b269a2c6abcc, 1.159564, 1.1062771, 0.02164337, 3.5410983E-5, 243.25563000687336, 0.0069704475, 0, Primary root, -1, -1, -0.003030303, -57.29577951308232, 0, 0.0, null, null, null, null
20220430-021610-plate_035, A441-5seed#6, 989090b5-a635-4899-b992-a58fbf4455a1, 2.32209, 2.2724736, 0.34217203, 0.0076524597, 250.88432293237398, 0.041211624, 0, Primary root, -1, -1, -0.003030303, -57.29577951308232, 0, 0.0, null, null, null, null
20220430-021610-plate_035, A441-5seed#5, cfdb55e3-c53d-484c-a400-dd051cd60221, 0.0, 0.0, 0.0, 0.0, NaN, 0.04696218, 0, Primary root, -1, -1, -0.003030303, -57.29577951308232, 0, 0.0, null, null, null, null
20220430-021610-plate_035, A441-5seed#3, 43d7c1c6-3cb4-45dd-96e8-dfb939969e63, 0.55251527, 0.4995073, 0.020253595, 5.9913087E-5, 277.6891544432789, 0.010606089, 0, Primary root, -1, -1, -0.003030303, -57.29577951308232, 0, 0.0, null, null, null, null
20220430-021610-plate_035, A441-5seed#2, d06abd9a-656e-4f48-b2a5-5353136a2344, 0.8604024, 0.8496787, 0.3726504, 0.016071856, 214.1896507108574, 0.12611638, 0, Primary root, -1, -1, -0.003030303, -57.29577951308232, 0, 0.0, null, null, null, null
20220430-021610-plate_035, A441-5seed#1, c2bf9b47-d097-4297-bfa7-5b8db192d1ed, 2.1208038, 2.0616746, 0.15743965, 0.0012506414, 237.93349196408607, 0.027776124, 0, Primary root, -1, -1, -0.003030303, -57.29577951308232, 0, 0.0, null, null, null, null
