image, root_name, root, length, vector_length, surface, volume, direction, diameter, root_order, root_ontology, parent_name, parent, insertion_position, insertion_angle, n_child, child_density, first_child, insertion_first_child, last_child, insertion_last_child
20220428-203703-plate_040, CML254seed#8, a517ba27-fd71-4b46-b1a1-75698e32fbb5, 2.4289908, 2.4114454, 0.38012522, 0.009350486, 279.86664607143564, 0.059846945, 0, Primary root, -1, -1, -0.003030303, -57.29577951308232, 0, 0.0, null, null, null, null
20220428-203703-plate_040, CML254seed#7, 7bf4d655-39ad-4c3c-a314-b91930f935cf, 1.7125376, 1.7031555, 0.20621817, 0.0038702763, 267.83887418833996, 0.057067934, 0, Primary root, -1, -1, -0.003030303, -57.29577951308232, 0, 0.0, null, null, null, null
20220428-203703-plate_040, CML254seed#6, 03185a00-9bbf-4d7e-8fb2-ef78abefdec4, 1.9185346, 1.8930974, 0.2800355, 0.00504562, 225.5335430731164, 0.05606406, 0, Primary root, -1, -1, -0.003030303, -57.29577951308232, 0, 0.0, null, null, null, null
20220428-203703-plate_040, CML254seed#4, f69ad64b-be71-4d44-a690-b157c1768d41, 1.6180695, 1.6180695, 0.31590274, 0.0060267025, 275.31039080066023, 0.062113564, 0, Primary root, -1, -1, -0.003030303, -57.29577951308232, 0, 0.0, null, null, null, null
20220428-203703-plate_040, CML254seed#3, f299e12b-e348-4fa3-9cdf-e936373ccf72, 1.8058969, 1.770815, 0.099050075, 6.4505107E-4, 244.7437096609657, 0.015455884, 0, Primary root, -1, -1, -0.003030303, -57.29577951308232, 0, 0.0, null, null, null, null
20220428-203703-plate_040, CML254seed#2, 9b5c8a14-b290-452b-aee4-1b3e642366dc, 2.5045285, 2.4582272, 0.12813397, 6.355306E-4, 228.51015317378628, 0.015908541, 0, Primary root, -1, -1, -0.003030303, -57.29577951308232, 0, 0.0, null, null, null, null
20220428-203703-plate_040, CML254seed#1, 60d5e547-e6ad-40d2-bb8b-72961af2bd8f, 2.118791, 2.0917435, 0.06298068, 1.5064585E-4, 278.1928399134323, 0.009090715, 0, Primary root, -1, -1, -0.003030303, -57.29577951308232, 0, 0.0, null, null, null, null
