image, root_name, root, length, vector_length, surface, volume, direction, diameter, root_order, root_ontology, parent_name, parent, insertion_position, insertion_angle, n_child, child_density, first_child, insertion_first_child, last_child, insertion_last_child
20181221-113556-plate_006, NC342seed #10, 2120ba88-f9c1-47fc-8d15-1ba9f970c307, 7.2764235, 3.4530413, 0.2707475, 9.4686385E-4, 207.07312635045935, 0.012670372, 0, Primary root, -1, -1, -0.0056306305, -57.29577951308232, 0, 0.0, null, null, null, null
20181221-113556-plate_006, NC342seed #8, 231ad749-c2ef-42f8-b22a-5d3d3b97dfa8, 4.2718363, 3.3789842, 0.45683625, 0.004797703, 224.46095748661426, 0.038330156, 0, Primary root, -1, -1, -0.0056306305, -57.29577951308232, 0, 0.0, null, null, null, null
20181221-113556-plate_006, NC342seed #7, 7dd4c88d-58dd-4470-8c29-6eaa37b8a598, 4.7810893, 4.61993, 0.8774692, 0.020704009, 285.5213596852892, 0.06587586, 0, Primary root, -1, -1, -0.0056306305, -57.29577951308232, 0, 0.0, null, null, null, null
20181221-113556-plate_006, NC342seed #6, 86785998-5aac-44da-a22a-1985c891571c, 3.1829958, 1.1061133, 0.21000318, 0.0018818376, 187.47496403661827, 0.024286596, 0, Primary root, -1, -1, -0.0056306305, -57.29577951308232, 0, 0.0, null, null, null, null
20181221-113556-plate_006, NC342seed #5, 9f0f7466-5c52-458f-84b4-8e09c6d98060, 5.093716, 4.388906, 0.51299113, 0.0064934017, 280.04234585764505, 0.041288506, 0, Primary root, -1, -1, -0.0056306305, -57.29577951308232, 0, 0.0, null, null, null, null
20181221-113556-plate_006, NC342seed #4, b4b72ed0-930c-4290-bb6e-5afb12a2dd11, 5.660397, 4.8972135, 1.7844502, 0.090105824, 269.4738848718576, 0.12737517, 0, Primary root, -1, -1, -0.0056306305, -57.29577951308232, 0, 0.0, null, null, null, null
20181221-113556-plate_006, NC342seed #3, 3a638833-f6a0-4a78-a757-c2cdf9b02891, 6.8015823, 5.1407404, 0.64125377, 0.018733025, 202.3027992907174, 0.04120371, 0, Primary root, -1, -1, -0.0056306305, -57.29577951308232, 0, 0.0, null, null, null, null
20181221-113556-plate_006, NC342seed #2, b1717170-f0fb-454d-a592-01d3c759ac2e, 4.3718815, 4.0235634, 0.3685462, 0.0069889817, 256.7205556536098, 0.041019082, 0, Primary root, -1, -1, -0.0056306305, -57.29577951308232, 0, 0.0, null, null, null, null
20181221-113556-plate_006, NC342seed #1, 445ae31a-59b5-4092-8246-c6b656fdc0d6, 4.300143, 4.124237, 0.5179193, 0.012148827, 233.8914133340292, 0.06193913, 0, Primary root, -1, -1, -0.0056306305, -57.29577951308232, 0, 0.0, null, null, null, null
