image, root_name, root, length, vector_length, surface, volume, direction, diameter, root_order, root_ontology, parent_name, parent, insertion_position, insertion_angle, n_child, child_density, first_child, insertion_first_child, last_child, insertion_last_child
20210819-230901-plate_024, KY228seed#10, f185df51-2a41-4782-b3b9-108aaa70f081, 2.6034615, 2.5857205, 0.02723337, 2.3104212E-5, 260.6489799358776, 0.0034088886, 0, Primary root, -1, -1, -0.003030303, -57.29577951308232, 0, 0.0, null, null, null, null
20210819-230901-plate_024, KY228seed#9, 323db4c8-9fb3-44af-9e1e-781c97c438e7, 0.64755046, 0.64755046, 0.018493367, 4.2416734E-5, 258.31871063636606, 0.0090905735, 0, Primary root, -1, -1, -0.003030303, -57.29577951308232, 0, 0.0, null, null, null, null
20210819-230901-plate_024, KY228seed#8, b47e0ed0-6593-445e-a4d6-3a867d90167b, 1.1080028, 1.1080028, 0.023738185, 4.4635515E-5, 260.32755123353684, 0.0068195267, 0, Primary root, -1, -1, -0.003030303, -57.29577951308232, 0, 0.0, null, null, null, null
20210819-230901-plate_024, KY228seed#7, 18242508-b42f-4039-aa7e-a1ac4d76907f, 0.64083, 0.64083, 0.12713471, 0.0025906449, 262.0933190585252, 0.062876135, 0, Primary root, -1, -1, -0.003030303, -57.29577951308232, 0, 0.0, null, null, null, null
20210819-230901-plate_024, KY228seed#6, 8cff90a5-bbfb-48cd-83f5-424a28c031d0, 0.820409, 0.820409, 0.10155631, 0.0010008903, 283.47489840617, 0.039402694, 0, Primary root, -1, -1, -0.003030303, -57.29577951308232, 0, 0.0, null, null, null, null
20210819-230901-plate_024, KY228seed#4, 6e519ba5-d24d-4a37-8abc-2bb6f9d23759, 1.6943066, 1.6218702, 0.09072576, 6.7107886E-4, 269.02350219798694, 0.026137087, 0, Primary root, -1, -1, -0.003030303, -57.29577951308232, 0, 0.0, null, null, null, null
20210819-230901-plate_024, KY228seed#3, 9d71469f-3d5a-444f-b8c5-a1545e09be83, 1.915597, 1.846049, 0.14067116, 0.0019534433, 255.38607329357268, 0.030605657, 0, Primary root, -1, -1, -0.003030303, -57.29577951308232, 0, 0.0, null, null, null, null
20210819-230901-plate_024, KY228seed#2, 53989368-47c3-4cb0-8043-9f72412b4046, 1.0974748, 0.9499645, 0.048938166, 2.4152084E-4, 232.92638956657643, 0.014393291, 0, Primary root, -1, -1, -0.003030303, -57.29577951308232, 0, 0.0, null, null, null, null
20210819-230901-plate_024, KY228seed#1, 11ab3611-6e91-4fc9-958a-3cb63a4f6df3, 3.9547725, 3.8457649, 0.39158228, 0.0071522263, 266.2198734682368, 0.041213978, 0, Primary root, -1, -1, -0.003030303, -57.29577951308232, 0, 0.0, null, null, null, null
