image, root_name, root, length, vector_length, surface, volume, direction, diameter, root_order, root_ontology, parent_name, parent, insertion_position, insertion_angle, n_child, child_density, first_child, insertion_first_child, last_child, insertion_last_child
20211204-031100-plate_028, Va85seed#10, e44f1d18-e5a2-4a1f-a44e-be776be3767c, 1.0142903, 1.0142903, 0.26322135, 0.0055616884, 269.9023836196275, 0.0825861, 0, Primary root, -1, -1, -0.003030303, -57.29577951308232, 0, 0.0, null, null, null, null
20211204-031100-plate_028, Va85seed#8, ebb536b7-13b1-4647-b004-ac05820f73c7, 1.6699251, 1.6384577, 0.025774183, 3.624461E-5, 246.83341969790945, 0.005303763, 0, Primary root, -1, -1, -0.003030303, -57.29577951308232, 0, 0.0, null, null, null, null
20211204-031100-plate_028, Va85seed#7, 64014d5e-3b94-42bf-90cc-79e695da3558, 1.5590469, 1.5420324, 0.06937812, 2.4908825E-4, 250.7988089639654, 0.013636982, 0, Primary root, -1, -1, -0.003030303, -57.29577951308232, 0, 0.0, null, null, null, null
20211204-031100-plate_028, Va85seed#6, 9bffaa09-5440-481d-86a8-e42b5024d0e7, 0.93248934, 0.93248934, 0.10874939, 0.0010127405, 252.21855940560093, 0.03712184, 0, Primary root, -1, -1, -0.003030303, -57.29577951308232, 0, 0.0, null, null, null, null
20211204-031100-plate_028, Va85seed#5, a7590997-433b-493d-bd67-df86f6bd9a49, 1.6910318, 1.6910318, 0.56386214, 0.016995763, 266.75803773332046, 0.10605192, 0, Primary root, -1, -1, -0.003030303, -57.29577951308232, 0, 0.0, null, null, null, null
20211204-031100-plate_028, Va85seed#4, bf035b89-66d0-4e8e-a5a1-f757a52f6482, 1.7599281, 1.7066007, 0.21744652, 0.004804486, 270.24413896493826, 0.052268807, 0, Primary root, -1, -1, -0.003030303, -57.29577951308232, 0, 0.0, null, null, null, null
20211204-031100-plate_028, Va85seed#3, f7355fc7-abcb-4d77-887a-235807d97abe, 1.0771085, 1.0545454, 0.050972015, 3.9710916E-4, 271.18747005158707, 0.02020022, 0, Primary root, -1, -1, -0.003030303, -57.29577951308232, 0, 0.0, null, null, null, null
20211204-031100-plate_028, Va85seed#2, 8a650ce3-393d-47ee-8563-bcb57a29c699, 1.4887489, 1.0360605, 0.09736583, 5.436789E-4, 218.89069233165873, 0.02272772, 0, Primary root, -1, -1, -0.003030303, -57.29577951308232, 0, 0.0, null, null, null, null
20211204-031100-plate_028, Va85seed#1, 0a18d0e7-0abc-4c22-bca2-6cbecd500084, 1.7628907, 1.7598077, 0.24013436, 0.004847254, 267.28735007323974, 0.05681703, 0, Primary root, -1, -1, -0.003030303, -57.29577951308232, 0, 0.0, null, null, null, null
