image, root_name, root, length, vector_length, surface, volume, direction, diameter, root_order, root_ontology, parent_name, parent, insertion_position, insertion_angle, n_child, child_density, first_child, insertion_first_child, last_child, insertion_last_child
20210904-020500-plate_026, NC360seed#10, a23417d3-5144-48db-8e6f-01751802f545, 1.8018984, 1.5186284, 0.36319903, 0.0069437535, 194.00588163795777, 0.07842178, 0, Primary root, -1, -1, -0.003030303, -57.29577951308232, 0, 0.0, null, null, null, null
20210904-020500-plate_026, NC360seed#9, 7a5256b5-0c97-4e27-b31b-d1054c7e9092, 1.5126219, 1.1622945, 0.0361274, 1.5776292E-4, 192.8580546875588, 0.014851746, 0, Primary root, -1, -1, -0.003030303, -57.29577951308232, 0, 0.0, null, null, null, null
20210904-020500-plate_026, NC360seed#7, 43ffba46-2d8f-4e83-ac87-0e225a3bb5ea, 0.0, 0.0, 0.0, 0.0, NaN, 0.0075752023, 0, Primary root, -1, -1, -0.003030303, -57.29577951308232, 0, 0.0, null, null, null, null
20210904-020500-plate_026, NC360seed#6, dd99d6b8-30f8-48ac-be1a-b484efa905eb, 2.018467, 1.9828311, 0.08371777, 2.9814415E-4, 256.1351538002263, 0.011364744, 0, Primary root, -1, -1, -0.003030303, -57.29577951308232, 0, 0.0, null, null, null, null
20210904-020500-plate_026, NC360seed#5, 0442e882-6c94-4c04-ab40-a41c44dda2ea, 1.1481991, 0.63661194, 0.11704495, 0.0011015397, 183.36247981659693, 0.029542537, 0, Primary root, -1, -1, -0.003030303, -57.29577951308232, 0, 0.0, null, null, null, null
20210904-020500-plate_026, NC360seed#3, b2f3a827-e583-4fd2-ba56-566327e24c65, 0.19750425, 0.19750425, 0.037991695, 6.515155E-4, 266.0768766277734, 0.059815273, 0, Primary root, -1, -1, -0.003030303, -57.29577951308232, 0, 0.0, null, null, null, null
20210904-020500-plate_026, NC360seed#2, fde0f4b3-51d6-480a-aa99-7c10bb61a2d5, 1.3822966, 1.3822966, 0.023027077, 3.2394175E-5, 243.43493613296454, 0.0053025787, 0, Primary root, -1, -1, -0.003030303, -57.29577951308232, 0, 0.0, null, null, null, null
20210904-020500-plate_026, NC360seed#1, 6ce5e52b-e301-448c-9e9e-03c52fc5c86a, 0.0, 0.0, 0.0, 0.0, NaN, 0.16211781, 0, Primary root, -1, -1, -0.003030303, -57.29577951308232, 0, 0.0, null, null, null, null
