image, root_name, root, length, vector_length, surface, volume, direction, diameter, root_order, root_ontology, parent_name, parent, insertion_position, insertion_angle, n_child, child_density, first_child, insertion_first_child, last_child, insertion_last_child
20210819-231659-plate_022, H49seed#9, e77f66ba-1a17-4611-ab4a-65749fbeda51, 5.077096, 4.7793136, 0.3866041, 0.0033334198, 244.62650361480829, 0.025941249, 0, Primary root, -1, -1, -0.003030303, -57.29577951308232, 0, 0.0, null, null, null, null
20210819-231659-plate_022, H49seed#6, 267c9be4-5815-4bd8-8122-4efe5364830a, 3.6223295, 3.5449407, 0.27915934, 0.0035417094, 249.4299570920248, 0.03206982, 0, Primary root, -1, -1, -0.003030303, -57.29577951308232, 0, 0.0, null, null, null, null
20210819-231659-plate_022, H49seed#5, d48cc15c-2eaa-4086-84a2-067a052e7ffa, 1.3350208, 1.3198769, 0.101112865, 9.5718814E-4, 226.33666403648317, 0.025001947, 0, Primary root, -1, -1, -0.003030303, -57.29577951308232, 0, 0.0, null, null, null, null
20210819-231659-plate_022, H49seed#3, bb4c6bd7-773f-488f-8580-cf58add47e94, 4.134138, 4.110194, 0.786028, 0.022769805, 251.77864058153875, 0.058182225, 0, Primary root, -1, -1, -0.003030303, -57.29577951308232, 0, 0.0, null, null, null, null
20210819-231659-plate_022, H49seed#2, 79ec0784-8cb5-4398-9a53-c400ec0c6156, 3.9827387, 3.9033723, 0.122345716, 4.417297E-4, 267.66249138321353, 0.011904709, 0, Primary root, -1, -1, -0.003030303, -57.29577951308232, 0, 0.0, null, null, null, null
20210819-231659-plate_022, H49seed#1, 069d0475-0cc0-4c7b-82e7-fed8db70d1ea, 3.7910433, 3.7241561, 0.22313552, 0.002274236, 248.2976483314201, 0.023633847, 0, Primary root, -1, -1, -0.003030303, -57.29577951308232, 0, 0.0, null, null, null, null
