image, root_name, root, length, vector_length, surface, volume, direction, diameter, root_order, root_ontology, parent_name, parent, insertion_position, insertion_angle, n_child, child_density, first_child, insertion_first_child, last_child, insertion_last_child
20220430-023402-plate_042, DE1seed#10, 6db3bf61-4d37-465f-85a2-87e69aa585d3, 4.524652, 4.423603, 0.17074011, 5.60003E-4, 284.1969860052237, 0.009395501, 0, Primary root, -1, -1, -0.003030303, -57.29577951308232, 0, 0.0, null, null, null, null
20220430-023402-plate_042, DE1seed#9, 64874a2b-e07f-43c6-8c8c-b9b71d9a2039, 6.8689733, 6.763923, 0.35259998, 0.0018711954, 246.10627775886988, 0.019508626, 0, Primary root, -1, -1, -0.003030303, -57.29577951308232, 0, 0.0, null, null, null, null
20220430-023402-plate_042, DE1seed#7, 101b88dc-26b5-4e52-bf15-498b148b7b96, 7.4147615, 6.096095, 0.4363508, 0.0046855276, 232.68678653049238, 0.03343694, 0, Primary root, -1, -1, -0.003030303, -57.29577951308232, 0, 0.0, null, null, null, null
20220430-023402-plate_042, DE1seed#5, ccbc925e-f01d-45c4-b821-ee9b36bdd7c7, 4.6992435, 4.6868453, 0.7547, 0.033111952, 281.4780516211817, 0.07726953, 0, Primary root, -1, -1, -0.003030303, -57.29577951308232, 0, 0.0, null, null, null, null
20220430-023402-plate_042, DE1seed#3, f1bed16e-2727-4074-ace0-3ea2405b6e6b, 6.395126, 6.326546, 1.1062156, 0.022891475, 239.34048361235202, 0.046718325, 0, Primary root, -1, -1, -0.003030303, -57.29577951308232, 0, 0.0, null, null, null, null
20220430-023402-plate_042, DE1seed#2, cafc4e19-79f3-45b2-9026-606e971c9b30, 5.8862834, 5.857853, 0.18097161, 4.841098E-4, 277.21808995660143, 0.010985657, 0, Primary root, -1, -1, -0.003030303, -57.29577951308232, 0, 0.0, null, null, null, null
20220430-023402-plate_042, DE1seed#1, c86397f6-f515-42cc-9168-5b64ca75c52a, 6.7958736, 6.654597, 0.7499976, 0.011283364, 291.5320627586838, 0.032680858, 0, Primary root, -1, -1, -0.003030303, -57.29577951308232, 0, 0.0, null, null, null, null
