image, root_name, root, length, vector_length, surface, volume, direction, diameter, root_order, root_ontology, parent_name, parent, insertion_position, insertion_angle, n_child, child_density, first_child, insertion_first_child, last_child, insertion_last_child
20220319-022909-plate_036, CM37seed#10, 60c1fa8c-2370-4e97-b84d-6b828645b5bc, 1.8980953, 1.8802378, 0.3218133, 0.011068969, 262.9194167782599, 0.0777722, 0, Primary root, -1, -1, -0.003030303, -57.29577951308232, 0, 0.0, null, null, null, null
20220319-022909-plate_036, CM37seed#9, 9a9a5ca7-93a7-4c5f-be55-e4b34138c7ba, 5.8161893, 5.758157, 0.8619386, 0.012082014, 297.0222234550534, 0.0404075, 0, Primary root, -1, -1, -0.003030303, -57.29577951308232, 0, 0.0, null, null, null, null
20220319-022909-plate_036, CM37seed#7, 009bc7c1-4ad5-4ac5-a93b-5bfe6df74c06, 5.642464, 4.7893167, 0.17525065, 5.6698546E-4, 296.04310217715374, 0.011743819, 0, Primary root, -1, -1, -0.003030303, -57.29577951308232, 0, 0.0, null, null, null, null
20220319-022909-plate_036, CM37seed#6, 3caac7f8-bf60-4064-b4a2-e1c279682a09, 1.6445823, 1.5675718, 0.38318887, 0.0073558814, 286.011603343156, 0.0762609, 0, Primary root, -1, -1, -0.003030303, -57.29577951308232, 0, 0.0, null, null, null, null
20220319-022909-plate_036, CM37seed#5, 8193d2d6-0f9e-4c68-8f3a-c83856a4dc52, 3.1756306, 3.1433456, 0.82550406, 0.040467624, 274.5402186698496, 0.12725815, 0, Primary root, -1, -1, -0.003030303, -57.29577951308232, 0, 0.0, null, null, null, null
20220319-022909-plate_036, CM37seed#4, 798b9f14-e8b3-44c4-af37-8f21fa35472b, 4.485549, 4.485549, 2.3064785, 0.100826435, 275.71484728255166, 0.1636532, 0, Primary root, -1, -1, -0.003030303, -57.29577951308232, 0, 0.0, null, null, null, null
20220319-022909-plate_036, CM37seed#3, b3b4cae3-746c-4dd0-83d6-094138700fdf, 6.229951, 5.952863, 3.1536353, 0.15988748, 248.36745286473763, 0.116411656, 0, Primary root, -1, -1, -0.003030303, -57.29577951308232, 0, 0.0, null, null, null, null
20220319-022909-plate_036, CM37seed#2, 2e5b8d47-1724-448c-b021-f7f4a6ceb8e8, 6.529645, 6.4568167, 0.11062792, 2.1900846E-4, 256.9098884974025, 0.0068187118, 0, Primary root, -1, -1, -0.003030303, -57.29577951308232, 0, 0.0, null, null, null, null
20220319-022909-plate_036, CM37seed#1, 799dae90-d63f-486c-b757-ba54d95c97c4, 1.5233015, 1.5190789, 1.1438651, 0.07098206, 218.05001898823522, 0.20807616, 0, Primary root, -1, -1, -0.003030303, -57.29577951308232, 0, 0.0, null, null, null, null
