image, root_name, root, length, vector_length, surface, volume, direction, diameter, root_order, root_ontology, parent_name, parent, insertion_position, insertion_angle, n_child, child_density, first_child, insertion_first_child, last_child, insertion_last_child
20220428-202159-plate_044, IDS28seed#10, 83c7e0b2-0284-4b78-b62f-c5ce7d3062ba, 0.7428042, 0.7428042, 0.1274151, 0.001971604, 262.74172257681283, 0.05454051, 0, Primary root, -1, -1, -0.003030303, -57.29577951308232, 0, 0.0, null, null, null, null
20220428-202159-plate_044, IDS28seed#9, 7b86771e-038b-4131-a4e8-1ddfbb847d24, 2.3661585, 2.3195894, 0.062361732, 1.4857367E-4, 207.19458077428052, 0.010100033, 0, Primary root, -1, -1, -0.003030303, -57.29577951308232, 0, 0.0, null, null, null, null
20220428-202159-plate_044, IDS28seed#8, 77f6f655-3657-48f0-94e3-67fba004bcd2, 1.7952638, 1.7782842, 0.08054312, 4.156231E-4, 216.46881653499892, 0.016286869, 0, Primary root, -1, -1, -0.003030303, -57.29577951308232, 0, 0.0, null, null, null, null
20220428-202159-plate_044, IDS28seed#7, 6ed1f4a9-16e2-4de7-a6e7-aa70c3e2fc5d, 1.8915238, 1.8915238, 0.07202318, 2.5914467E-4, 268.3700443397135, 0.012120083, 0, Primary root, -1, -1, -0.003030303, -57.29577951308232, 0, 0.0, null, null, null, null
20220428-202159-plate_044, IDS28seed#6, 875464e3-d57c-4203-82c4-54aef2987372, 2.1659946, 2.156355, 0.061069082, 1.5324668E-4, 217.1415628474885, 0.012877932, 0, Primary root, -1, -1, -0.003030303, -57.29577951308232, 0, 0.0, null, null, null, null
20220428-202159-plate_044, IDS28seed#5, c3d2fe22-0ec6-4b4c-8025-02f649f4dff3, 1.7208582, 1.6546209, 0.08205278, 4.6949732E-4, 228.04787231038148, 0.015458596, 0, Primary root, -1, -1, -0.003030303, -57.29577951308232, 0, 0.0, null, null, null, null
20220428-202159-plate_044, IDS28seed#4, d3be76f0-d04a-45af-b9d2-54a685bf8af5, 1.599537, 1.599537, 0.12944295, 0.0010497061, 267.3676730978791, 0.025756711, 0, Primary root, -1, -1, -0.003030303, -57.29577951308232, 0, 0.0, null, null, null, null
20220428-202159-plate_044, IDS28seed#2, e3d9b5bd-bb38-45af-a600-a84c6eca3b99, 2.0317445, 2.0138783, 0.30499837, 0.009672373, 267.09110507800693, 0.072728544, 0, Primary root, -1, -1, -0.003030303, -57.29577951308232, 0, 0.0, null, null, null, null
20220428-202159-plate_044, IDS28seed#1, 2b62646c-ebbc-4ddc-bee9-2b2a3ab97e6e, 2.2511408, 2.2031696, 0.1397101, 9.536348E-4, 224.65548127417622, 0.021212509, 0, Primary root, -1, -1, -0.003030303, -57.29577951308232, 0, 0.0, null, null, null, null
