image, root_name, root, length, vector_length, surface, volume, direction, diameter, root_order, root_ontology, parent_name, parent, insertion_position, insertion_angle, n_child, child_density, first_child, insertion_first_child, last_child, insertion_last_child
20220310-190602-plate_026, TZI10seed#9, e3a94ab6-e679-40be-b7a0-8ace3412fc5a,0.25712973,0.25712973,0.004284339,6.03E-06,261.8698899,0.005303525,0, Primary root,-1,-1,-0.003030303,-57.29577951,0,0, null, null, null, null
20220310-190602-plate_026, TZI10seed#8, 27ecefca-ed63-40be-b66d-e855fb19b58f,0.34497574,0.34497574,0.08655028,0.002158086,251.5650469,0.07803688,0, Primary root,-1,-1,-0.003030303,-57.29577951,0,0, null, null, null, null
20220310-190602-plate_026, TZI10seed#7, f16a7cdb-b2af-43f8-bb2b-359591887c27,0.27350023,0.27350023,0.011722426,4.59E-05,274.1295877,0.013635471,0, Primary root,-1,-1,-0.003030303,-57.29577951,0,0, null, null, null, null
20220310-190602-plate_026, TZI10seed#6, 3e6be552-c3d7-42ab-b224-196d8ae9f841,0.22384273,0.22384273,0.00586169,1.31E-05,283.5217808,0.008334274,0, Primary root,-1,-1,-0.003030303,-57.29577951,0,0, null, null, null, null
20220310-190602-plate_026, TZI10seed#5, 2ae17a36-a2a7-4046-b95d-75b232636a6d,0.42024064,0.42024064,0.026022343,1.53E-04,272.0732636,0.01969774,0, Primary root,-1,-1,-0.003030303,-57.29577951,0,0, null, null, null, null
20220310-190602-plate_026, TZI10seed#4, 9acae407-d771-4219-80a5-cbac19688153,0.6015077,0.53763074,0.08369585,9.27E-04,306.6944817,0.04444783,0, Primary root,-1,-1,-0.003030303,-57.29577951,0,0, null, null, null, null
20220310-190602-plate_026, TZI10seed#3, 18994dd4-4f91-45cb-8956-9028a6fc0d0a,0.5120859,0.5120859,0.014626163,3.82E-05,276.1997907,0.009090909,0, Primary root,-1,-1,-0.003030303,-57.29577951,0,0, null, null, null, null
20220310-190602-plate_026, TZI10seed#2, 6850a31d-5546-49d9-a7a8-a217939aef2b,0.77867764,0.6380882,0.012973651,1.83E-05,243.140555,0.004545623,0, Primary root,-1,-1,-0.003030303,-57.29577951,0,0, null, null, null, null
20220310-190602-plate_026, TZI10seed#1, cdc7e9bd-71e1-478b-9bb7-7c31072b6ee7,0.85489833,0.85489833,0.08956562,8.95E-04,273.6112583,0.03333343,0, Primary root,-1,-1,-0.003030303,-57.29577951,0,0, null, null, null, null