image, root_name, root, length, vector_length, surface, volume, direction, diameter, root_order, root_ontology, parent_name, parent, insertion_position, insertion_angle, n_child, child_density, first_child, insertion_first_child, last_child, insertion_last_child
20220210-205500-plate_020, 4226seed#10, b2bfaa57-9fe8-4aae-9f10-2a3b2fa913e6, 0.31122258, 0.31122258, 0.006667213, 1.2533583E-5, 276.70984192008245, 0.006818537, 0, Primary root, -1, -1, -0.003030303, -57.29577951308232, 0, 0.0, null, null, null, null
20220210-205500-plate_020, 4226seed#7, 9b391a81-6421-441d-9c74-b04f1f3b8f75, 0.581622, 0.55200166, 0.08402536, 0.0016105494, 294.2371181983323, 0.059596077, 0, Primary root, -1, -1, -0.003030303, -57.29577951308232, 0, 0.0, null, null, null, null
20220210-205500-plate_020, 4226seed#6, 5b843de0-da4c-4d49-864f-9e07e02cce9b, 0.22164243, 0.22164243, 0.030640008, 3.4458842E-4, 284.8506624295506, 0.04393771, 0, Primary root, -1, -1, -0.003030303, -57.29577951308232, 0, 0.0, null, null, null, null
20220210-205500-plate_020, 4226seed#5, 4e9b2e3d-efb1-46c3-92db-2dd88450cab0, 0.51951295, 0.49393007, 0.012115783, 2.9892237E-5, 264.8980132977859, 0.008079886, 0, Primary root, -1, -1, -0.003030303, -57.29577951308232, 0, 0.0, null, null, null, null
20220210-205500-plate_020, 4226seed#4, ced0d026-c367-4b97-a6ce-951169baf9d9, 0.49829555, 0.49829555, 0.16046399, 0.0046670153, 291.4989226808309, 0.10151547, 0, Primary root, -1, -1, -0.003030303, -57.29577951308232, 0, 0.0, null, null, null, null
20220210-205500-plate_020, 4226seed#3, 02140327-8f85-4ec8-bc29-236e2d68e1b0, 0.6564214, 0.61032766, 0.05418715, 6.0224574E-4, 258.86414222272657, 0.03585978, 0, Primary root, -1, -1, -0.003030303, -57.29577951308232, 0, 0.0, null, null, null, null
20220210-205500-plate_020, 4226seed#2, 0d7c4c59-968d-48bc-b555-41b337962558, 0.5347433, 0.5347433, 0.017815163, 4.8513644E-5, 252.1811026481926, 0.0106044365, 0, Primary root, -1, -1, -0.003030303, -57.29577951308232, 0, 0.0, null, null, null, null
20220210-205500-plate_020, 4226seed#1, 099d6d95-97be-4d31-9366-c09cbc91f166, 0.42246443, 0.42246443, 0.016089445, 5.1041698E-5, 244.13008546593176, 0.012122047, 0, Primary root, -1, -1, -0.003030303, -57.29577951308232, 0, 0.0, null, null, null, null
