image, root_name, root, length, vector_length, surface, volume, direction, diameter, root_order, root_ontology, parent_name, parent, insertion_position, insertion_angle, n_child, child_density, first_child, insertion_first_child, last_child, insertion_last_child
20220324-192806-plate_041, CH9seed#10, 378b5d78-9798-4779-afdf-011b8c7d2a2d, 0.32771105, 0.32771105, 0.032766968, 2.6761615E-4, 282.6470794787644, 0.03181472, 0, Primary root, -1, -1, -0.003030303, -57.29577951308232, 0, 0.0, null, null, null, null
20220324-192806-plate_041, CH9seed#9, 1a1b0212-be8e-4d0c-8596-4791b777766c, 0.3300433, 0.3300433, 0.007070192, 1.21023E-5, 273.14975607937504, 0.006818821, 0, Primary root, -1, -1, -0.003030303, -57.29577951308232, 0, 0.0, null, null, null, null
20220324-192806-plate_041, CH9seed#8, 1a4bed2b-938b-423b-87e3-96954699947d, 0.5135215, 0.5135215, 0.079575896, 0.0010954229, 299.3294886774404, 0.04924422, 0, Primary root, -1, -1, -0.003030303, -57.29577951308232, 0, 0.0, null, null, null, null
20220324-192806-plate_041, CH9seed#7, a333fa2f-e89c-471b-9d21-135261fa0a1a, 0.4050974, 0.40166223, 0.010673106, 2.2233164E-5, 198.60858219508927, 0.010100786, 0, Primary root, -1, -1, -0.003030303, -57.29577951308232, 0, 0.0, null, null, null, null
20220324-192806-plate_041, CH9seed#5, 818e344c-963b-4462-a8cf-ef97b0264a8c, 0.73425573, 0.73425573, 0.026221236, 8.7864755E-5, 277.5870840963222, 0.011366531, 0, Primary root, -1, -1, -0.003030303, -57.29577951308232, 0, 0.0, null, null, null, null
20220324-192806-plate_041, CH9seed#4, 57de82ee-168b-4e35-970c-c1b6b24a2458, 0.6476419, 0.6476419, 0.12368718, 0.0022925122, 260.1098048027968, 0.06061072, 0, Primary root, -1, -1, -0.003030303, -57.29577951308232, 0, 0.0, null, null, null, null
20220324-192806-plate_041, CH9seed#3, b7b7e8cf-509e-46f6-a722-612527d79bba, 0.4224443, 0.4224443, 0.009049878, 1.7013957E-5, 264.8388911803303, 0.006818768, 0, Primary root, -1, -1, -0.003030303, -57.29577951308232, 0, 0.0, null, null, null, null
20220324-192806-plate_041, CH9seed#2, c72c1287-5c5b-4e14-a630-d4d248181a01, 0.6746879, 0.6746879, 0.27653128, 0.010891654, 260.0602449501792, 0.12879153, 0, Primary root, -1, -1, -0.003030303, -57.29577951308232, 0, 0.0, null, null, null, null
