image, root_name, root, length, vector_length, surface, volume, direction, diameter, root_order, root_ontology, parent_name, parent, insertion_position, insertion_angle, n_child, child_density, first_child, insertion_first_child, last_child, insertion_last_child
20220326-012806-plate_041, CH9seed#10, 05f61265-f0e0-4d3e-8016-68de8a6665d5, 1.9158313, 1.6936392, 0.17369099, 0.0012799193, 220.04720728268197, 0.03333358, 0, Primary root, -1, -1, -0.003030303, -57.29577951308232, 0, 0.0, null, null, null, null
20220326-012806-plate_041, CH9seed#8, 70bb7e64-6b09-4f4d-b7de-9d8cf2a5a61a, 2.390962, 2.1007466, 0.6505529, 0.01640205, 231.98835870672357, 0.06181973, 0, Primary root, -1, -1, -0.003030303, -57.29577951308232, 0, 0.0, null, null, null, null
20220326-012806-plate_041, CH9seed#7, 8582494f-d61b-4c36-ac4c-867026090dde, 2.496296, 2.4925659, 0.57363945, 0.010497861, 265.4326258645011, 0.07322618, 0, Primary root, -1, -1, -0.003030303, -57.29577951308232, 0, 0.0, null, null, null, null
20220326-012806-plate_041, CH9seed#6, f26c71bc-d87f-44ef-9784-e404033ff620, 0.8066543, 0.8066543, 0.009597978, 9.208914E-6, 277.757456334979, 0.003787409, 0, Primary root, -1, -1, -0.003030303, -57.29577951308232, 0, 0.0, null, null, null, null
20220326-012806-plate_041, CH9seed#5, b738f43d-a80a-4a6c-972a-1939eb8114ae, 0.9998592, 0.9430038, 0.016651353, 2.3416522E-5, 293.31031616947496, 0.0045440877, 0, Primary root, -1, -1, -0.003030303, -57.29577951308232, 0, 0.0, null, null, null, null
20220326-012806-plate_041, CH9seed#4, 474624e9-9a42-4063-84cb-367db80d599d, 2.7256732, 2.653149, 0.07131535, 2.70018E-4, 242.59329290267888, 0.008082029, 0, Primary root, -1, -1, -0.003030303, -57.29577951308232, 0, 0.0, null, null, null, null
20220326-012806-plate_041, CH9seed#3, 3beb3c14-0e4e-43e6-b711-a23d824664b6, 2.2088063, 2.0384662, 0.051425815, 1.3883595E-4, 240.5259585654561, 0.014014538, 0, Primary root, -1, -1, -0.003030303, -57.29577951308232, 0, 0.0, null, null, null, null
20220326-012806-plate_041, CH9seed#2, 0463e8fc-5594-43b2-bb66-dd1dc8aa8e96, 2.526793, 2.3243647, 0.15288644, 0.0028728815, 254.0404987063235, 0.049251672, 0, Primary root, -1, -1, -0.003030303, -57.29577951308232, 0, 0.0, null, null, null, null
20220326-012806-plate_041, CH9seed#1, 7cbdb006-cf55-4fcb-8d58-11a090a46116, 2.3528838, 2.2495143, 0.3463698, 0.005990814, 240.9405510480759, 0.06136439, 0, Primary root, -1, -1, -0.003030303, -57.29577951308232, 0, 0.0, null, null, null, null
