image, root_name, root, length, vector_length, surface, volume, direction, diameter, root_order, root_ontology, parent_name, parent, insertion_position, insertion_angle, n_child, child_density, first_child, insertion_first_child, last_child, insertion_last_child
20220430-023703-plate_040, CML254seed#9, 090950e4-dd10-4987-b580-526c7c70e4ef, 8.321564, 8.059671, 0.45407984, 0.002904341, 247.37579135952183, 0.020907342, 0, Primary root, -1, -1, -0.003030303, -57.29577951308232, 0, 0.0, null, null, null, null
20220430-023703-plate_040, CML254seed#8, 1842077a-460e-4943-a6fe-8ec076868b38, 7.833352, 7.745551, 0.7212918, 0.010991464, 281.6335340474479, 0.032830384, 0, Primary root, -1, -1, -0.003030303, -57.29577951308232, 0, 0.0, null, null, null, null
20220430-023703-plate_040, CML254seed#7, 4600a2df-3327-4712-9cf1-3de64a73a7bd, 1.6935631, 1.6935631, 0.10883628, 5.5888057E-4, 271.22487216748203, 0.020456063, 0, Primary root, -1, -1, -0.003030303, -57.29577951308232, 0, 0.0, null, null, null, null
20220430-023703-plate_040, CML254seed#6, 687fb64c-87cc-4cd5-8c06-0f560e4fa045, 7.4869995, 7.419583, 0.46078053, 0.006996372, 247.0033274837027, 0.031250846, 0, Primary root, -1, -1, -0.003030303, -57.29577951308232, 0, 0.0, null, null, null, null
20220430-023703-plate_040, CML254seed#5, 852777fe-ecb2-4db0-99df-fe45c776b4a5, 7.46311, 7.1817403, 0.19910587, 5.2030454E-4, 262.59145841507257, 0.008677866, 0, Primary root, -1, -1, -0.003030303, -57.29577951308232, 0, 0.0, null, null, null, null
20220430-023703-plate_040, CML254seed#4, d9613f0d-87a4-4926-be5b-7be91517c338, 2.2726493, 2.2726493, 0.55701745, 0.010891753, 273.2493675582305, 0.078016154, 0, Primary root, -1, -1, -0.003030303, -57.29577951308232, 0, 0.0, null, null, null, null
20220430-023703-plate_040, CML254seed#3, a57d9930-2a82-4f6c-81a8-f9101f078222, 8.414957, 8.359874, 0.4792172, 0.00367896, 284.35987235655017, 0.018182104, 0, Primary root, -1, -1, -0.003030303, -57.29577951308232, 0, 0.0, null, null, null, null
20220430-023703-plate_040, CML254seed#2, 599a569c-2f5b-43c7-bfcf-ce7e7ec575ce, 7.728127, 7.561737, 0.33680013, 0.0022319804, 260.2138149234778, 0.015604796, 0, Primary root, -1, -1, -0.003030303, -57.29577951308232, 0, 0.0, null, null, null, null
20220430-023703-plate_040, CML254seed#1, e0f9cefb-1ce7-4c2d-8934-c2f9779df01f, 7.443525, 7.3488584, 0.76815724, 0.014993071, 281.431579014069, 0.061208863, 0, Primary root, -1, -1, -0.003030303, -57.29577951308232, 0, 0.0, null, null, null, null
