image, root_name, root, length, vector_length, surface, volume, direction, diameter, root_order, root_ontology, parent_name, parent, insertion_position, insertion_angle, n_child, child_density, first_child, insertion_first_child, last_child, insertion_last_child
20220317-202908-plate_036, CM37seed#9, bdba4192-85fc-491c-993e-bfc04009cf91, 1.7632686, 1.6912262, 0.41196898, 0.012989243, 302.4159418803425, 0.09995969, 0, Primary root, -1, -1, -0.003030303, -57.29577951308232, 0, 0.0, null, null, null, null
20220317-202908-plate_036, CM37seed#8, 1ed5d9d1-7b3b-44a8-8058-cc0680dbd92a, 1.4765913, 1.4765913, 0.6958299, 0.026093721, 266.83773238055613, 0.15000057, 0, Primary root, -1, -1, -0.003030303, -57.29577951308232, 0, 0.0, null, null, null, null
20220317-202908-plate_036, CM37seed#7, de27f174-11f8-42f7-a7c0-6cc2997a2825, 1.6697057, 1.6168686, 0.21972166, 0.0026717368, 313.93363523622156, 0.045449212, 0, Primary root, -1, -1, -0.003030303, -57.29577951308232, 0, 0.0, null, null, null, null
20220317-202908-plate_036, CM37seed#6, bceea486-6177-4f6e-8ad3-7f3706daf23a, 1.2127157, 1.1333033, 0.32758093, 0.0072065094, 272.54547558312566, 0.093954265, 0, Primary root, -1, -1, -0.003030303, -57.29577951308232, 0, 0.0, null, null, null, null
20220317-202908-plate_036, CM37seed#5, f99cb366-d43d-4b7e-aadc-00efd7a78fc3, 1.8361194, 1.7887939, 0.40451032, 0.0121061625, 273.70305604365944, 0.077768795, 0, Primary root, -1, -1, -0.003030303, -57.29577951308232, 0, 0.0, null, null, null, null
20220317-202908-plate_036, CM37seed#4, 1f123e02-3814-4ddf-8887-21b705ee7380, 1.7425581, 1.7425581, 0.062205117, 1.7696866E-4, 272.2892888477368, 0.0113628935, 0, Primary root, -1, -1, -0.003030303, -57.29577951308232, 0, 0.0, null, null, null, null
20220317-202908-plate_036, CM37seed#3, 1a46eab8-fb43-4204-928d-beb882df8403, 2.140606, 2.140606, 0.33625335, 0.004223845, 280.9711969432534, 0.05000095, 0, Primary root, -1, -1, -0.003030303, -57.29577951308232, 0, 0.0, null, null, null, null
20220317-202908-plate_036, CM37seed#2, 2612c626-8dc9-40ec-b833-a83ce3542c63, 1.4395065, 1.4395065, 1.1798395, 0.09525957, 272.64301068447344, 0.25757265, 0, Primary root, -1, -1, -0.003030303, -57.29577951308232, 0, 0.0, null, null, null, null
20220317-202908-plate_036, CM37seed#1, 7e0bb604-492b-4ec4-be09-5d4bc93cf83f, 0.97491425, 0.97491425, 0.47103742, 0.02265657, 293.4477395755756, 0.15226232, 0, Primary root, -1, -1, -0.003030303, -57.29577951308232, 0, 0.0, null, null, null, null
