image, root_name, root, length, vector_length, surface, volume, direction, diameter, root_order, root_ontology, parent_name, parent, insertion_position, insertion_angle, n_child, child_density, first_child, insertion_first_child, last_child, insertion_last_child
20220430-023101-plate_039, CML254seed#10, ef4fc247-59be-4ff5-a094-fa6acfe7aaf9, 4.2629714, 4.2374735, 0.4759503, 0.008897779, 249.81788451612485, 0.051769655, 0, Primary root, -1, -1, -0.003030303, -57.29577951308232, 0, 0.0, null, null, null, null
20220430-023101-plate_039, CML254seed#9, 902de617-068e-4e7b-afd1-ff1ef04ccfc1, 4.63625, 4.5818367, 0.1628785, 5.09527E-4, 260.89642402912887, 0.016016148, 0, Primary root, -1, -1, -0.003030303, -57.29577951308232, 0, 0.0, null, null, null, null
20220430-023101-plate_039, CML254seed#7, 2aec34b2-b2e9-4774-9141-51f4332250c2, 5.1974745, 4.901475, 1.5323744, 0.05160688, 246.12745134529692, 0.06565974, 0, Primary root, -1, -1, -0.003030303, -57.29577951308232, 0, 0.0, null, null, null, null
20220430-023101-plate_039, CML254seed#6, f9fb2f97-06d4-4af9-bc10-debc75626484, 4.728291, 4.645523, 0.73848546, 0.019495687, 260.67042672987145, 0.054546274, 0, Primary root, -1, -1, -0.003030303, -57.29577951308232, 0, 0.0, null, null, null, null
20220430-023101-plate_039, CML254seed#5, 5d391bca-a9eb-4111-a126-41cab0f8a747, 4.359276, 4.285466, 0.21546508, 0.0010810437, 251.44655678409273, 0.016018234, 0, Primary root, -1, -1, -0.003030303, -57.29577951308232, 0, 0.0, null, null, null, null
20220430-023101-plate_039, CML254seed#4, c4174883-a5eb-45e1-b128-724b3c1d39b7, 3.624547, 3.6100175, 0.17418018, 8.828365E-4, 231.04000060084564, 0.013937647, 0, Primary root, -1, -1, -0.003030303, -57.29577951308232, 0, 0.0, null, null, null, null
20220430-023101-plate_039, CML254seed#3, 99371759-072e-4d26-8540-475edf89f350, 4.82448, 4.7746525, 0.6367497, 0.023010973, 249.19764869797433, 0.05541196, 0, Primary root, -1, -1, -0.003030303, -57.29577951308232, 0, 0.0, null, null, null, null
20220430-023101-plate_039, CML254seed#2, 3e1ef489-420d-457f-8259-c2ea51a38f8c, 4.861572, 4.80945, 0.7386014, 0.016521301, 249.79941568460913, 0.04242241, 0, Primary root, -1, -1, -0.003030303, -57.29577951308232, 0, 0.0, null, null, null, null
20220430-023101-plate_039, CML254seed#1, dcce9af3-2761-4837-92c9-8c1f76cdce05, 4.7772713, 4.6588707, 0.17070875, 6.687813E-4, 261.44272987970317, 0.012500663, 0, Primary root, -1, -1, -0.003030303, -57.29577951308232, 0, 0.0, null, null, null, null
