image, root_name, root, length, vector_length, surface, volume, direction, diameter, root_order, root_ontology, parent_name, parent, insertion_position, insertion_angle, n_child, child_density, first_child, insertion_first_child, last_child, insertion_last_child
20220312-010301-plate_020, B97seed#10, 72287292-2dca-44a9-afb8-443db0d56cbf, 1.3243595, 1.3243595, 0.48569185, 0.014699441, 273.88913771740727, 0.1166845, 0, Primary root, -1, -1, -0.003030303, -57.29577951308232, 0, 0.0, null, null, null, null
20220312-010301-plate_020, B97seed#9, 26a2e535-f289-4621-aed0-a8814ef9f782, 2.636671, 2.636671, 0.13178444, 5.9112225E-4, 268.41329309753803, 0.015909454, 0, Primary root, -1, -1, -0.003030303, -57.29577951308232, 0, 0.0, null, null, null, null
20220312-010301-plate_020, B97seed#8, cd371d7a-56ec-4e7b-9016-fc7434d1f787, 2.1415153, 2.0974047, 0.28831482, 0.004683016, 265.8577368384427, 0.05454316, 0, Primary root, -1, -1, -0.003030303, -57.29577951308232, 0, 0.0, null, null, null, null
20220312-010301-plate_020, B97seed#7, f39e2ade-f291-43ef-9e93-67fd45055f25, 4.2962947, 4.2356434, 1.1367154, 0.04432155, 284.22627385638475, 0.12674929, 0, Primary root, -1, -1, -0.003030303, -57.29577951308232, 0, 0.0, null, null, null, null
20220312-010301-plate_020, B97seed#6, 7071ded4-60a1-487e-8e06-ae26505ce33f, 6.1562862, 6.134456, 0.5408107, 0.005914527, 279.7697120267348, 0.04091158, 0, Primary root, -1, -1, -0.003030303, -57.29577951308232, 0, 0.0, null, null, null, null
20220312-010301-plate_020, B97seed#5, 03079fcc-2842-433c-a8a0-c018e17bc82a, 5.878038, 5.686109, 0.12355952, 2.0982636E-4, 289.09860296119166, 0.006438346, 0, Primary root, -1, -1, -0.003030303, -57.29577951308232, 0, 0.0, null, null, null, null
20220312-010301-plate_020, B97seed#3, a727afb3-c021-4c97-b100-e4c61697e82d, 1.3222629, 1.3222629, 0.5916734, 0.021069387, 279.3554747139519, 0.14243414, 0, Primary root, -1, -1, -0.003030303, -57.29577951308232, 0, 0.0, null, null, null, null
20220312-010301-plate_020, B97seed#2, 39bd00be-4a62-4980-b3de-d5b2d0083c96, 2.482508, 2.4789536, 0.27756783, 0.0028759546, 200.6120406031941, 0.025254104, 0, Primary root, -1, -1, -0.003030303, -57.29577951308232, 0, 0.0, null, null, null, null
20220312-010301-plate_020, B97seed#1, 92424b95-1d1a-46fe-8913-41eb73828873, 6.361782, 6.28002, 0.5374443, 0.003702034, 268.927005285393, 0.028029274, 0, Primary root, -1, -1, -0.003030303, -57.29577951308232, 0, 0.0, null, null, null, null
