image, root_name, root, length, vector_length, surface, volume, direction, diameter, root_order, root_ontology, parent_name, parent, insertion_position, insertion_angle, n_child, child_density, first_child, insertion_first_child, last_child, insertion_last_child
20220430-024305-plate_047, IDS28seed#10, 727449cb-fbac-4a5c-95eb-4d56d26ad01c, 3.0634086, 2.905064, 0.2054026, 0.001212644, 254.6417465985814, 0.017678563, 0, Primary root, -1, -1, -0.003030303, -57.29577951308232, 0, 0.0, null, null, null, null
20220430-024305-plate_047, IDS28seed#8, b79583c6-4c8a-4c4a-8182-0774c89d6a67, 2.9445474, 2.9327912, 0.08187308, 1.9793425E-4, 277.72185738902493, 0.009092014, 0, Primary root, -1, -1, -0.003030303, -57.29577951308232, 0, 0.0, null, null, null, null
20220430-024305-plate_047, IDS28seed#6, f51393e4-88f4-4533-8eb1-bc409ff18edb, 2.7833173, 2.569637, 0.6072802, 0.013012595, 223.14346863723216, 0.05984952, 0, Primary root, -1, -1, -0.003030303, -57.29577951308232, 0, 0.0, null, null, null, null
20220430-024305-plate_047, IDS28seed#5, c8addb2d-7113-47d7-8fee-b7b4da55398e, 3.4596753, 3.4398832, 0.30596715, 0.0036008393, 236.334380754846, 0.036059573, 0, Primary root, -1, -1, -0.003030303, -57.29577951308232, 0, 0.0, null, null, null, null
20220430-024305-plate_047, IDS28seed#4, b0121a1d-2a95-40ed-856c-5f58dd89a905, 4.9335337, 4.75774, 0.17261092, 5.6920317E-4, 261.25645696065857, 0.012270999, 0, Primary root, -1, -1, -0.003030303, -57.29577951308232, 0, 0.0, null, null, null, null
20220430-024305-plate_047, IDS28seed#3, 7cf03667-87d9-4ead-94c4-f2e64e2dc5db, 4.691989, 4.4474573, 0.43067864, 0.008705923, 254.36569767308615, 0.025758509, 0, Primary root, -1, -1, -0.003030303, -57.29577951308232, 0, 0.0, null, null, null, null
20220430-024305-plate_047, IDS28seed#2, cf8e63f7-db80-4ba3-94d7-c08412d1409c, 5.3407354, 5.2130756, 1.0550522, 0.03920071, 260.16196012729904, 0.042148594, 0, Primary root, -1, -1, -0.003030303, -57.29577951308232, 0, 0.0, null, null, null, null
20220430-024305-plate_047, IDS28seed#1, 04dcb39a-d13e-443f-a5cf-766b6c7c6635, 4.330819, 3.969354, 0.12872349, 3.7196203E-4, 260.24277492555865, 0.009848934, 0, Primary root, -1, -1, -0.003030303, -57.29577951308232, 0, 0.0, null, null, null, null
