image, root_name, root, length, vector_length, surface, volume, direction, diameter, root_order, root_ontology, parent_name, parent, insertion_position, insertion_angle, n_child, child_density, first_child, insertion_first_child, last_child, insertion_last_child
20220318-203500-plate_033, CO106seed#10, 5f3a29d0-0445-432b-942f-52854dcfeb78, 1.7215868, 1.7151064, 0.17778285, 0.003346289, 270.2767053069009, 0.043435168, 0, Primary root, -1, -1, -0.003030303, -57.29577951308232, 0, 0.0, null, null, null, null
20220318-203500-plate_033, CO106seed#9, 68e24f0d-bea0-4036-99f6-6656a20d7d81, 0.0, 0.0, 0.0, 0.0, NaN, 0.21516486, 0, Primary root, -1, -1, -0.003030303, -57.29577951308232, 0, 0.0, null, null, null, null
20220318-203500-plate_033, CO106seed#8, 7697f075-1d99-4ae6-a8dc-c3e790b9e665, 0.0, 0.0, 0.0, 0.0, NaN, 0.06363794, 0, Primary root, -1, -1, -0.003030303, -57.29577951308232, 0, 0.0, null, null, null, null
20220318-203500-plate_033, CO106seed#7, 34b3c255-fc18-43a7-9201-b02b347289cf, 0.0, 0.0, 0.0, 0.0, NaN, 0.0378743, 0, Primary root, -1, -1, -0.003030303, -57.29577951308232, 0, 0.0, null, null, null, null
20220318-203500-plate_033, CO106seed#5, 2d8cf87d-c2c6-4292-bdc6-d3229ae8b680, 1.2855855, 1.2526969, 0.034917936, 7.791944E-5, 288.1805982159853, 0.0087105315, 0, Primary root, -1, -1, -0.003030303, -57.29577951308232, 0, 0.0, null, null, null, null
20220318-203500-plate_033, CO106seed#4, 2811aefb-1274-40d9-a4f0-ee34f3dfa1d7, 0.0, 0.0, 0.0, 0.0, NaN, 0.045449566, 0, Primary root, -1, -1, -0.003030303, -57.29577951308232, 0, 0.0, null, null, null, null
20220318-203500-plate_033, CO106seed#3, 5229fbf5-b477-4851-bdc2-5e18ac3fc676, 0.0, 0.0, 0.0, 0.0, NaN, 0.02575698, 0, Primary root, -1, -1, -0.003030303, -57.29577951308232, 0, 0.0, null, null, null, null
20220318-203500-plate_033, CO106seed#2, 16e9b2d5-6f21-4082-9a15-b5c91f228b0f, 2.391571, 2.391571, 0.21059942, 0.0018209467, 267.994110727796, 0.028028706, 0, Primary root, -1, -1, -0.003030303, -57.29577951308232, 0, 0.0, null, null, null, null
20220318-203500-plate_033, CO106seed#1, 4a01b35a-eac3-47bd-8ba4-4f4e56045e18, 2.3389027, 2.3389027, 1.4516388, 0.09117889, 281.24454111383733, 0.19697446, 0, Primary root, -1, -1, -0.003030303, -57.29577951308232, 0, 0.0, null, null, null, null
