image, root_name, root, length, vector_length, surface, volume, direction, diameter, root_order, root_ontology, parent_name, parent, insertion_position, insertion_angle, n_child, child_density, first_child, insertion_first_child, last_child, insertion_last_child
20220326-012203-plate_040, CH9seed#10, 64b9a5fa-e969-4012-83b5-3506633814ae, 3.8682387, 3.8361182, 1.8705896, 0.08199698, 263.8268210698744, 0.14796443, 0, Primary root, -1, -1, -0.003030303, -57.29577951308232, 0, 0.0, null, null, null, null
20220326-012203-plate_040, CH9seed#9, 33083a3c-5bf6-4d2f-bc10-6828ab63af88, 5.043772, 4.450687, 0.14861134, 4.6021855E-4, 284.54751131342874, 0.012729834, 0, Primary root, -1, -1, -0.003030303, -57.29577951308232, 0, 0.0, null, null, null, null
20220326-012203-plate_040, CH9seed#8, dc5281bd-d95b-4f0b-9442-772a87837380, 4.415752, 4.403105, 0.15995035, 6.4896455E-4, 254.86186993515255, 0.014394396, 0, Primary root, -1, -1, -0.003030303, -57.29577951308232, 0, 0.0, null, null, null, null
20220326-012203-plate_040, CH9seed#5, 77036025-3e93-4ee5-911b-cf70346944ba, 2.5866818, 2.5058682, 0.63375473, 0.013544363, 289.46281596849343, 0.09140502, 0, Primary root, -1, -1, -0.003030303, -57.29577951308232, 0, 0.0, null, null, null, null
20220326-012203-plate_040, CH9seed#3, d470abe5-7663-4c80-ba7f-0458c087ab91, 4.4838357, 4.3070827, 0.23549874, 0.0020902527, 282.3249677575066, 0.019697357, 0, Primary root, -1, -1, -0.003030303, -57.29577951308232, 0, 0.0, null, null, null, null
20220326-012203-plate_040, CH9seed#1, e553a470-eb06-42de-ab61-8c78675a5e46, 1.3062338, 1.3060873, 0.08047199, 3.9792722E-4, 265.8101167595494, 0.017737713, 0, Primary root, -1, -1, -0.003030303, -57.29577951308232, 0, 0.0, null, null, null, null
